HLA_allele,"Mut peptide","Amino Acid Change","peptide position",Chr,"Genomic Position","Gene Symbol","Mutant affinity score"
HLA-C14:02,SPCHNGGTC,S/N,5,4,125452634,FAT4,6.39E-81
HLA-B51:01,EEDMHRPGS,R/H,5,19,8892942,MUC16,1.16E-89
HLA-A11:02,EEDMHRPGS,R/H,5,19,8892942,MUC16,3.33E-91
HLA-C14:02,EEDMHRPGS,R/H,5,19,8892942,MUC16,8.41E-146
HLA-B51:01,RSRLTATSA,Q/R,3,11,112093136,SDHD,1.04E-36
HLA-A11:02,RSRLTATSA,Q/R,3,11,112093136,SDHD,4.51E-18
HLA-C14:02,RSRLTATSA,Q/R,3,11,112093136,SDHD,4.11E-28
HLA-B51:01,RDGVSPCWP,R/G,3,12,65914864,HMGA2,3.69E-196
HLA-A11:02,RDGVSPCWP,R/G,3,12,65914864,HMGA2,3.39E-188
HLA-C14:02,RDGVSPCWP,R/G,3,12,65914864,HMGA2,2.33E-211